,mz,mzmin,mzmax,rt,rtmin,rtmax,npeaks,mzXML,X3.15V,X3.30V,X3.45V,RSD
1,51.99698421,51.99609041,51.99787801,1746.785,1745.48,1748.09,2,2,2417.914337,3026.366,2014.258235,0.204931086
2,51.99507039,51.99506341,51.99507737,1180.485,1175.41,1185.56,2,1,3461.588748,3602.612432,2943.428571,0.104052811
3,51.99798197,51.99798197,51.99798197,1023.12,1023.12,1023.12,1,1,4204.114108,5097.436,3895.709767,0.141878807
4,51.99590261,51.99590261,51.99590261,672.465,672.465,672.465,1,1,2785.078361,3255.681829,2967.315938,0.079025026
5,51.99801415,51.99801415,51.99801415,1047.57,1047.57,1047.57,1,1,2222.994375,2700.7936,2726.347852,0.111183296
6,51.99706093,51.99706093,51.99706093,653.451,653.451,653.451,1,1,3477.358932,3852.625294,3877.158462,0.059982707
7,52.00024088,52.00024088,52.00024088,868.12,868.12,868.12,1,1,1465.631749,1646.389818,904.04,0.289174115
8,51.99698365,51.99698365,51.99698365,1097.65,1097.65,1097.65,1,1,2732.224186,2978.33625,2790.472412,0.045389367
9,51.9970246,51.9970246,51.9970246,847.164,847.164,847.164,1,1,3925.855103,4091.335,3156.0588,0.134012357
10,51.99703328,51.99703328,51.99703328,1123.65,1123.65,1123.65,1,1,6638.397485,4554.16,6813.035224,0.209399219
13,53.00267616,53.00174264,53.00380579,1152.54,1151.2,1153.67,7,3,5197.167407,8322.279259,5030.321071,0.29989476
14,53.00236317,53.00168606,53.00375197,1132.225,1131.24,1132.76,6,3,3173.1064,3480.557692,2753.189286,0.116446096
16,53.00343606,53.00181888,53.00497653,1265.22,1262.62,1266.92,6,3,14154.94286,29991.59667,22904.06379,0.354933785
17,53.00271989,53.00176844,53.00378515,483.347,476.853,490.487,8,3,6568.693333,3509.381647,3559.895459,0.385371363
18,53.00373406,53.00269232,53.00475647,762.105,761.849,764.464,5,3,16250.70109,13092.27859,16897.24055,0.132091749
19,53.00275064,53.0017823,53.00382643,379.558,379.519,383.913,5,3,4032.448645,6962.440147,4019.568188,0.338745894
21,53.00278865,53.00191523,53.00281141,712.048,712.028,712.723,4,3,5796.184,6249.118394,9512.087484,0.282128187
25,53.00482109,53.00479959,53.0048737,1746.41,1744.45,1748.92,3,3,10347.53548,11058.64667,11403.52909,0.049236376
34,53.00799907,53.00270682,53.01306247,1786.29,1781.4,1799.8,9,3,2063.1996,2732.841026,2365.789041,0.140468616
37,53.01300734,53.00374548,53.01505239,1031.23,1012.29,1040.62,9,3,80971.8231,64971.01586,50299.72195,0.234518733
40,53.01449269,53.01298555,53.01503615,698.786,689.674,701.224,4,3,74641.93035,66930.11397,39972.33979,0.300808448
41,53.01453996,53.01395586,53.01501122,1338.535,1331.98,1343.33,4,3,59221.25868,80698.184,119175.4698,0.351718545
44,53.01502301,53.01398101,53.01502849,734.677,731.162,736.209,3,3,82759.24688,122169.6755,78024.38111,0.25696498
45,53.0150511,53.01400222,53.01505548,462.823,460.733,466.503,3,3,65643.71944,55347.8625,89985.43702,0.252924697
46,53.01351793,53.0027711,53.01499168,781.307,774.054,788.348,4,3,73080.63121,72480.58388,47556.96988,0.22627539
48,53.01086848,53.00776886,53.01396811,1104.015,1102.66,1105.37,2,2,26667.8376,60550.07583,50637.18415,0.379100231
51,53.01505267,53.01505267,53.01505267,844.69,844.69,844.69,1,1,94988.28273,51845.85756,52110.21847,0.374461407
52,53.01403232,53.01403232,53.01403232,856.976,856.976,856.976,1,1,111383.3281,175823.5075,111737.0516,0.27900815
54,53.01660181,53.01190145,53.02011081,1164.5,1161.78,1165.8,8,3,26241.7275,43413.73548,40880.82,0.25159139
56,53.01657359,53.01303448,53.0191423,799.257,793.003,806.548,8,3,53912.2928,73241.09,44076.64097,0.259957242
60,53.0165707,53.01401145,53.01916714,670.548,667.73,674.18,6,3,32798.18262,64669.43121,67300.10512,0.349680985
61,53.01704619,53.01500324,53.01915795,634.097,620.344,635.013,7,3,60352.12587,65245.30092,76267.86271,0.121153151
62,53.01813678,53.01506639,53.01919793,871.306,863.337,872.98,6,3,23465.47858,50660.2444,55331.91696,0.398789111
69,53.01808945,53.01612062,53.01903127,5.1005,3.684,11.489,4,2,7876.110833,14533.04571,8714.43769,0.349479893
71,53.01910453,53.01604599,53.01913498,325.364,314.722,325.775,5,2,35105.80526,29215.59133,25463.04495,0.162412684
72,53.00794188,53.00683851,53.02339906,1768.64,1766.82,1769.39,3,3,1662.426316,1425.1475,1604.755862,0.079119303
75,53.01609862,53.01304025,53.01915698,342.0135,341.756,342.271,2,2,23372.70433,30184.77856,33490.22665,0.177800672
76,53.01924065,53.01512247,53.02439749,1745.48,1743.21,1746.27,19,3,6976.230303,4294.551563,7277.045333,0.265585111
78,53.01712895,53.01506909,53.02021138,1140.465,1138.66,1141.62,8,3,69924.13043,38229.95,37727.95714,0.379318755
79,53.01911856,53.01612828,53.02019516,1237.42,1223.08,1249.79,13,3,118175.1554,61857.09474,105335.162,0.310287776
81,53.01905212,53.01597527,53.02416098,531.409,519.2,547.918,11,2,33535.08088,38672.17897,35975.50616,0.071257579
83,53.01705546,53.01509971,53.02380416,369.729,367.939,381.358,7,3,55092.65677,38525.78625,58331.30279,0.20975236
84,53.0191253,53.01606545,53.01916259,460.938,453.499,466.899,7,2,36747.69943,16631.32333,27008.83101,0.37542528
86,53.01807289,53.01606667,53.01914799,896.626,883.947,908.136,9,3,169748.8707,167659.3824,100871.9705,0.268162999
93,53.01808004,53.01602424,53.0191371,88.126,87.226,90.356,4,2,23310.01097,45212.2116,35402.78847,0.316697184
94,53.01910502,53.01707286,53.01912831,175.921,174.361,179.701,4,2,25589.77761,52174.14684,42178.26277,0.335855153
96,53.01807644,53.01601457,53.0191498,701.274,693.479,703.008,4,2,44468.23853,82268.68187,52981.95871,0.33099563
97,53.01708202,53.01604471,53.01913485,723.597,722.707,724.497,3,1,32653.836,31480.39857,33191.56128,0.026972534
100,53.01657317,53.01606355,53.0170828,1021.58,1021.13,1022.03,2,1,39853.94693,78126.95478,46895.60272,0.370654742
102,53.01911418,53.0190923,53.01913606,953.938,951.363,956.513,2,2,38030.748,58287.64917,51513.66547,0.209263482
104,53.01912095,53.01910901,53.01916584,284.944,276.282,291.824,3,2,32115.62477,22995.98162,29181.38773,0.165686617
105,53.01911088,53.01910696,53.0191148,160.257,156.832,163.682,2,2,18088.2988,14239.06444,15075.94379,0.128123069
106,54.00199541,53.99935933,54.00459871,1746.25,1742.65,1748.92,10,3,4302.785641,2989.986486,3302.008333,0.19420457
107,53.99945866,53.99834645,54.00047948,1132.72,1132.12,1132.76,5,3,6513.331034,6588.195161,4963.5,0.152311588
109,53.99985688,53.99929159,54.00339388,762.0635,760.96,765.745,4,3,9801.517875,7801.323478,6905.243673,0.181507214
128,54.01064193,53.99833069,54.01488693,532.709,519.407,554.839,25,3,233140.4085,306212.1367,210655.1804,0.199839177
129,54.01127088,54.0086429,54.01488666,848.319,839.411,852.999,16,3,155723.2631,145376.1611,264294.632,0.349530373
131,54.01072236,54.0034197,54.01487369,733.405,723.367,744.696,21,3,272252.5605,339270.8522,474414.5793,0.284481272
133,54.01176036,54.0086328,54.0148885,1038.8,1031.23,1049.9,17,3,65945.23,99535.74238,62986.04783,0.26658187
134,54.01077094,54.00763314,54.01487256,996.33,990.681,1002.52,13,3,95496.77511,116048.0915,163119.3197,0.277585739
135,54.01174546,54.00868274,54.01490439,799.257,793.417,810.322,14,3,163737.431,237746.484,196228.021,0.186190947
140,54.01070679,54.00129246,54.01382572,59.148,52.769,70.668,12,3,104300.8957,121334.9192,136485.2946,0.133392255
144,54.01125963,53.99755051,54.01492956,829.615,816.571,833.608,12,3,174320.915,170024.1874,115004.9995,0.216015278
145,54.01072197,54.00463794,54.01487558,570.097,565.517,575.761,11,3,149004.228,259729.2193,262606.957,0.289452941
146,54.01077848,53.99929593,54.01377976,133.094,129.079,145.943,11,3,245685.7776,145367.104,192396.2544,0.258078449
147,54.01123158,54.00966692,54.01485578,749.5155,745.286,751.11,8,3,105884.2026,187661.0956,140705.2362,0.283510731
149,54.01124986,54.00866793,54.01382028,213.439,208.024,217.763,10,3,248419.7574,250035.2504,340618.4494,0.188675147
151,54.01121844,54.0086257,54.0148447,1022.115,1019.54,1023.82,8,3,150580.9262,177506.488,143272.6077,0.114749242
153,54.01226702,54.00871164,54.01492006,350.0455,338.176,358.92,12,3,292693.3305,138544.7858,245256.4212,0.350117401
154,54.00970679,53.99836486,54.01386184,1161.805,1153.67,1162.68,8,3,93653.25185,78533.29333,73498.94261,0.128082194
156,54.01170701,53.99946476,54.01492385,1277.2,1265.37,1281.68,9,3,83513.13176,124774.4508,99282.80419,0.203082052
157,54.01181296,54.00868825,54.01492039,1206.635,1203.81,1210.55,8,2,84377.2787,93370.48194,104882.0462,0.109098116
159,54.01169931,54.00860341,54.01584236,1140.73,1136.07,1142.03,13,3,77419.28348,113431.1475,107721.824,0.194475475
160,54.0117568,54.00863289,54.01483238,631.439,620.344,637.763,18,3,178960.7936,236594.578,257938.2162,0.181982563
161,54.01227949,54.00872648,54.01596784,369.724,366.979,370.619,12,3,109910.9817,143274.0969,90339.42933,0.233739619
163,54.01127849,54.00866964,54.01385284,322.6185,313.673,332.122,14,3,188622.2305,225949.653,272944.7168,0.184374497
165,54.01274798,54.00865748,54.02209518,700.449,688.794,710.288,13,3,165043.6473,230709.6938,240385.4281,0.193316014
167,54.0117414,54.00858221,54.01483687,943.973,933.039,962.567,19,3,259958.9938,108735.8748,219763.8007,0.399319167
168,54.01181606,54.00868887,54.02094074,402.1665,388.578,417.044,18,3,353413.7324,252892.3253,428225.6639,0.255130682
169,54.01069306,54.00758823,54.01594958,257.683,236.887,263.886,15,3,153610.7051,203426.8382,258168.525,0.255027926
171,54.01275214,54.00960523,54.01485504,1102.66,1094.57,1105.37,9,3,152312.7491,90643.4781,77982.4,0.37172365
172,54.01069084,54.0086206,54.01587597,1057.55,1052.44,1064.04,9,3,180563.6387,197368.5132,114376.04,0.26737295
173,54.01122846,54.00869643,54.0158284,1309.245,1301.38,1317.77,8,3,37985.88257,74094.79714,44591.17419,0.368154628
174,54.01702979,54.01588237,54.02115194,1794.18,1781.99,1799.13,18,3,2358.066667,5140.756923,5442.794118,0.394192622
179,54.01690262,54.01586542,54.01793981,598.1735,597.272,599.075,2,1,62625.89313,106097.1078,104197.2969,0.270057523
181,54.01588954,54.01586973,54.01590934,731.257,729.507,733.007,2,1,82496.8872,64299.96838,64440.49866,0.148633715
186,54.01690668,54.0158634,54.01794997,181.561,176.651,186.471,2,1,118719.9051,220273.5087,215018.2508,0.309607287
187,54.0158785,54.0158785,54.0158785,519.61,519.61,519.61,1,1,60385.5784,110346.8792,105225.5341,0.298809652
188,54.01589278,54.01589278,54.01589278,58.288,58.288,58.288,1,1,47504.32962,79446.6015,86320.5352,0.291365998
190,54.01590563,54.01590563,54.01590563,436.775,436.775,436.775,1,1,59143.97467,112770.8125,117095.5054,0.335099498
191,54.01588592,54.01588592,54.01588592,1032.73,1032.73,1032.73,1,1,78234.27451,148312.08,157563.5017,0.33878933
192,54.0158583,54.0158583,54.0158583,135.223,135.223,135.223,1,1,84196.5952,137333.4086,126673.6404,0.242196548
193,54.01585556,54.01585556,54.01585556,1274.69,1274.69,1274.69,1,1,46494.371,67763.59655,65900.4167,0.196141363
194,54.01591437,54.01591437,54.01591437,493.971,493.971,493.971,1,1,60099.79668,112032.4755,112833.5174,0.318114411
195,54.01586026,54.01586026,54.01586026,1237.16,1237.16,1237.16,1,1,111533.7698,195307.9532,197601.7662,0.291663751
196,54.01582187,54.01582187,54.01582187,1112.04,1112.04,1112.04,1,1,47260.62714,71605.7736,74536.53308,0.232265209
197,54.0158804,54.0158804,54.0158804,995.17,995.17,995.17,1,1,67993.96939,116160.9543,124365.8561,0.296142247
198,54.01593139,54.01593139,54.01593139,346.65,346.65,346.65,1,1,61209.88361,106382.8464,97616.89693,0.270968695
199,54.01591351,54.01591351,54.01591351,291.824,291.824,291.824,1,1,80661.24672,158156.3757,159933.5931,0.340540119
200,54.01589267,54.01589267,54.01589267,217.918,217.918,217.918,1,1,81192.56242,155804.6817,168504.0703,0.3489949
201,54.01585294,54.01585294,54.01585294,1167.45,1167.45,1167.45,1,1,50664.62767,78617.95161,76433.01911,0.226719148
202,55.01412392,55.01367065,55.01457719,1099.755,1099.66,1099.85,2,1,2041.0744,2427.510263,2477.004046,0.103093996
203,55.0135888,55.0135888,55.0135888,528.73,528.73,528.73,1,1,1264.788788,1556.82973,1345.347309,0.108591501
204,55.05427192,55.05427192,55.05427192,22.908,22.908,22.908,1,1,1220.277217,1049.046588,1375.761831,0.134499596
205,55.05447173,55.05447173,55.05447173,1082.23,1082.23,1082.23,1,1,6748.406193,6773.880435,5410.786182,0.123550958
206,55.05439992,55.05439992,55.05439992,791.243,791.243,791.243,1,1,2347.115125,3410.141211,3391.154383,0.199487584
207,55.05435281,55.05435281,55.05435281,465.643,465.643,465.643,1,1,3514.954285,2497.262765,3529.205298,0.186048139
208,55.05457722,55.05457722,55.05457722,534.609,534.609,534.609,1,1,1453.957207,2115.609212,2279.381671,0.224154247
210,55.05908423,55.05857068,55.05959778,632.377,631.507,633.247,2,1,3530.761105,3382.226667,2746.572312,0.129368474
212,55.05650016,55.05437027,55.05863005,1182.13,1178.07,1186.19,2,2,1585.15,2199.453333,1405.333333,0.240696051
213,55.05848022,55.05848022,55.05848022,1096.87,1096.87,1096.87,1,1,4769.445455,6561.643529,6628.301737,0.176146641
214,55.05750679,55.05750679,55.05750679,737.028,737.028,737.028,1,1,2996.972961,2737.877571,3136.78656,0.068444518
215,55.05859652,55.05859652,55.05859652,445.674,445.674,445.674,1,1,2159.092861,2447.751226,2253.948486,0.064334469
216,55.05870527,55.05870527,55.05870527,363.444,363.444,363.444,1,1,5602.424494,5366.305103,4113.867871,0.159126939
217,55.06052629,55.06052629,55.06052629,94.426,94.426,94.426,1,1,4324.453297,7900.03125,7247.954626,0.29337493
218,55.05963297,55.05963297,55.05963297,504.301,504.301,504.301,1,1,1322.998519,2166.979263,2296.728572,0.27410571
219,55.05860473,55.05860473,55.05860473,586.815,586.815,586.815,1,1,4306.353821,2593.782026,4093.285575,0.254701297
220,55.05646582,55.05646582,55.05646582,1038.7,1038.7,1038.7,1,1,2710.334432,2846.625217,3042.004643,0.05816167
221,55.05954234,55.05948056,55.0596288,29.3815,26.206,32.355,4,2,3299.599412,1815.48973,4216.22896,0.389493633
222,55.059631,55.059631,55.059631,528.73,528.73,528.73,1,1,1324.774848,2776.015895,2906.875404,0.375913196
223,55.93395896,55.93381539,55.93503685,1788.42,1777.5,1798.8,26,3,5018.295526,5323.32,2827.066364,0.310219498
224,55.93393291,55.93387457,55.93498041,1771.505,1765.28,1775.01,12,3,8656.911562,5872.87027,7192.661667,0.192332664
225,55.93395696,55.93375861,55.93500918,1753.58,1750.19,1756.51,7,3,21391.22526,22525.98723,20448.45,0.048484518
226,55.9348524,55.9348524,55.9348524,272.095,272.095,272.095,1,1,3671.956469,3361.64,4209.623861,0.114480031
227,55.93490083,55.93490083,55.93490083,651.999,651.999,651.999,1,1,3586.440104,3898.814618,3537.491926,0.053347921
228,55.9340769,55.9340769,55.9340769,483.507,483.507,483.507,1,1,4432.350952,4499.247462,4066.671786,0.053742045
229,55.93484647,55.93484647,55.93484647,452.212,452.212,452.212,1,1,2510.179412,2485.917143,2688.651021,0.043219839
230,55.93911555,55.93903875,55.9391463,27.7375,24.005,32.737,4,2,1504.784844,2954.545344,2354.567805,0.320723194
231,55.93483217,55.9347447,55.93807389,531.409,529.77,536.298,3,2,1326.969,1519.658594,1772.593702,0.145147876
232,55.93857076,55.93804419,55.93909732,325.975,325.975,325.975,2,1,5258.426649,5116.030884,5296.49201,0.018210305
236,55.93753679,55.93595044,55.93912314,652.5085,652.402,652.615,2,1,3586.440104,3049.04576,3537.491926,0.087627516
237,56.05099,56.04885367,56.05418746,49.179,48.279,50.814,15,3,7649.336512,7739.796316,14247.13127,0.382983035
238,56.05013627,56.05013627,56.05013627,1024.71,1024.71,1024.71,1,1,1977.155386,2011.877037,1801.643248,0.058387203
239,56.05092811,56.05092811,56.05092811,176.651,176.651,176.651,1,1,2685.124253,3630.318,3670.000491,0.167498748
240,56.05521382,56.05512977,56.05733614,50.509,49.179,64.063,7,3,5662.344722,5688.895385,5587.404286,0.009321835
243,56.94852215,56.94591433,56.9500663,1744.83,1742.65,1747.35,8,3,6054.4,6438.263077,3670.4404,0.278323769
244,56.94591215,56.94582222,56.94592067,1777.5,1767.74,1779.73,3,3,882.1584848,1241.670645,1688.522069,0.317889929
245,56.96598546,56.96498601,56.96704752,39.874,39.149,40.73,3,3,1431.658179,1058.001,1244.75975,0.150086477
246,57.04478504,57.04397721,57.04495443,46.734,46.294,47.204,4,3,3141.961667,2372.194169,1745.101923,0.28913833
248,57.07244239,57.06820748,57.07476976,918.97,918.085,918.975,15,3,13406.28643,7226.322683,9980.68225,0.303402684
249,57.07251183,57.07251183,57.07251183,1152.69,1152.69,1152.69,1,1,4624.098776,4563.150698,5257.674137,0.079875463
250,57.07255422,57.07255422,57.07255422,1615.81,1615.81,1615.81,1,1,4239.314723,3399.620972,4025.768335,0.112239875
251,57.07693601,57.07563404,57.07786262,918.97,918.09,919.855,5,3,9919.415893,13422.20959,10481.56027,0.166854022
252,57.93481971,57.9348084,57.93483102,1743.405,1743.21,1743.6,2,2,3421.675556,3382.510345,2963.957586,0.077920977
254,57.93577709,57.93577709,57.93577709,978.956,978.956,978.956,1,1,2341.170227,2504.839214,2798.07329,0.090851859
255,57.93552691,57.93552691,57.93552691,1178.07,1178.07,1178.07,1,1,1134.583333,1256.990476,1301.454362,0.070199408
256,57.93691206,57.93575917,57.94002034,1743.55,1743.21,1743.6,7,3,2744.637188,4349.571429,3590.156087,0.22542809
259,59.06951088,59.06951088,59.06951088,48.279,48.279,48.279,1,1,2110.842516,1737.751,2435.561239,0.166697571
260,59.93300515,59.93250571,59.93350458,1742.73,1742.25,1743.21,2,1,1411.41,1606.288148,2118.623566,0.213356349
261,59.99242575,59.98914007,59.99460202,52.6815,50.989,53.464,8,3,2986.432387,3756.674743,3444.974824,0.114088319
263,60.04347993,60.04326698,60.04359066,1716.53,1710.99,1725.31,8,1,9021.595642,8564.28,11053.52591,0.138797918
264,60.04343142,60.04326226,60.04378814,1378.43,1378.43,1384.64,5,2,35407.96731,48614.81455,69592.32,0.336661189
265,60.04343463,60.04326381,60.04363551,1442.21,1439.73,1452.69,7,1,8340.540473,6594.9,10971.92,0.255147101
266,60.04343308,60.04332221,60.04493002,1746.41,1746.41,1747.18,4,2,36806.67007,44022.53333,45272.1977,0.108715998
268,60.04348841,60.04327652,60.04497616,1666.745,1662.29,1668.85,4,2,10066.86028,14689.63889,13732.57286,0.190188927
270,60.04339742,60.04329451,60.0434271,1561.37,1561.37,1561.59,3,1,10551.58457,10280.25385,10807.58095,0.025003687
272,60.04349417,60.04325558,60.04501073,1283.99,1277.68,1283.99,4,2,25412.40877,44233.342,22619.03615,0.382244781
273,60.0434248,60.04328647,60.04356695,1489.12,1489.12,1489.12,3,1,32267.65921,28780.40704,28997.64595,0.065089484
274,60.04335915,60.04326913,60.04367797,1504.78,1504.78,1504.78,3,1,9389.35022,8419.58875,7745.975,0.096982087
275,60.04346426,60.04327153,60.04354593,1323.3,1322.25,1323.3,3,1,26695.56687,23689.53655,28534.01852,0.092965249
276,60.04339332,60.04330148,60.04342646,1472.42,1470.36,1472.42,3,1,6995.144196,5613.460714,6889.74,0.118332441
277,60.04341931,60.0432875,60.04350714,1303.85,1303.85,1306.59,3,1,27180.89692,24449.61059,21123.5752,0.125086726
279,60.04331978,60.04330228,60.04346929,1525.45,1521.56,1525.45,3,1,7555.3933,7143.148421,8036.831818,0.059020968
280,60.04338641,60.04329005,60.04346846,1620.9,1620.05,1628.12,3,1,11744.74512,11245.4888,13631.29714,0.103081437
282,60.04360163,60.04352305,60.04368022,1238.125,1235.26,1240.99,2,1,22363.73363,21377.45259,21369.27778,0.026346185
283,60.04349861,60.04349861,60.04349861,1203.81,1203.81,1203.81,1,1,29682.41986,28320.60649,27718.9507,0.035205451
286,60.0433564,60.04328004,60.05174031,1786.85,1770.3,1799.8,22,3,993.84,712.6868966,1440.124706,0.349733098
289,60.04348874,60.04329834,60.0435083,1591.72,1589.93,1592.61,4,1,24625.3267,22398.06312,26923.70444,0.091805383
291,60.04649167,60.04594496,60.04703838,907.246,907.246,907.246,2,1,20798.38569,35357.89732,18001.60329,0.376985619
293,60.05171892,60.05171892,60.05171892,544.343,544.343,544.343,1,1,2834.352722,2803.113344,2915.573871,0.020361851
295,60.05148622,60.05148622,60.05148622,354.897,354.897,354.897,1,1,4687.06207,5029.929081,4048.008068,0.108612442
296,60.04590943,60.04590943,60.04590943,49.179,49.179,49.179,1,1,15294.04926,22046.18667,13904.09023,0.254978501
297,60.04920198,60.04599315,60.05241082,1749.01,1749.01,1749.01,2,1,7082.217844,5026.884146,7245.805501,0.191669103
298,60.04604975,60.04604975,60.04604975,1396.18,1396.18,1396.18,1,1,30679.15339,53639.36857,29381.51667,0.360055681
300,60.08089911,60.07977652,60.08318885,46.459,45.549,47.204,9,3,3191.908759,4857.516,5522.750512,0.265396002
301,60.08265183,60.08113031,60.08323346,1729.565,1728.98,1734.56,4,3,2670.822,3808.788462,5176.716393,0.322924514
303,60.08107165,60.08107165,60.08107165,1705.18,1705.18,1705.18,1,1,5008.33859,2244.790625,4159.272766,0.372118576
304,60.08099524,60.08099524,60.08099524,1586.58,1586.58,1586.58,1,1,4921.090712,4977.324412,2418.764412,0.355898662
305,60.08696172,60.08523299,60.08860769,46.119,44.639,47.009,8,3,3230.578875,6368.601977,4489.264,0.336277298
306,60.98792357,60.98625894,60.98949902,27.9955,25.787,34.599,6,3,1521.700678,1675.12069,742.6419643,0.380760842
307,60.98857056,60.98629069,60.99086464,1787.24,1780.25,1793.97,7,3,1449.869286,933.4730769,1182.138667,0.217297541
308,60.9897101,60.98636093,60.99184969,1772.33,1759.34,1774.54,5,3,2029.586538,1166.479412,1798.484651,0.268373746
309,60.9884513,60.9884513,60.9884513,109.266,109.266,109.266,1,1,2752.084429,2478.816,2836.922051,0.06958502
311,61.03261797,61.02814963,61.03274166,1786.29,1786.23,1791.71,3,3,1591.881765,1592.919355,1531.457879,0.022383693
313,61.03035247,61.03035247,61.03035247,108.49,108.49,108.49,1,1,4371.207579,3854.932,3649.866465,0.093892938
314,62.92931235,62.92929381,62.93155224,1740.79,1740.32,1740.83,3,3,2475.172609,2084.575862,1891.924364,0.13818262
315,64.00111854,64.00111854,64.00111854,54.549,54.549,54.549,1,1,1527.353808,1000.157469,1966.48319,0.322985202
316,65.96702663,65.96702663,65.96702663,39.874,39.874,39.874,1,1,1216.753159,1237.266333,1329.024036,0.04740973
317,67.02285094,67.02171408,67.0239878,39.4995,39.149,39.85,2,2,902.8838889,1220.146,1237.726538,0.168222442
318,67.02511813,67.02511813,67.02511813,38.25,38.25,38.25,1,1,968.9048449,870.87456,1112.121156,0.123303478
319,67.99177446,67.98830446,67.99413198,1746.07,1744.54,1747.18,13,3,5620.44587,4989.285714,7362.634074,0.205190378
320,67.98936919,67.98922544,67.99045965,28.8635,28.24,32.139,4,2,890.4606305,1362.362909,712.9524286,0.33951559
321,67.99285453,67.99169544,67.99400242,325.975,325.563,325.975,3,1,6068.984108,5323.373023,5592.272905,0.06669583
322,67.98817317,67.98817317,67.98817317,442.788,442.788,442.788,1,1,3149.620712,2343.78,3292.887242,0.174698058
323,67.98822835,67.98822835,67.98822835,428.935,428.935,428.935,1,1,4336.851841,4079.3895,2995.627345,0.187113434
324,67.98942013,67.98942013,67.98942013,554.458,554.458,554.458,1,1,7274.926826,6657.794,5714.012638,0.12004024
325,67.99397052,67.99397052,67.99397052,700.608,700.608,700.608,1,1,12824.8347,8756.529057,14247.01817,0.238598908
326,67.99188234,67.99188234,67.99188234,224.153,224.153,224.153,1,1,4233.220093,4633.927226,3914.857818,0.084568812
327,67.99402014,67.99402014,67.99402014,586.208,586.208,586.208,1,1,8710.667733,8160.60014,4529.55594,0.318476206
328,67.99283432,67.99283432,67.99283432,276.33,276.33,276.33,1,1,4467.881195,4402.330161,4043.762121,0.053037239
333,67.99948955,67.99525851,68.00232232,1744.54,1743.55,1746.41,12,3,3478.826316,4293.392813,3707.7176,0.109783934
334,68.01393357,68.01279041,68.01496806,1794.5,1786.23,1795.05,4,3,1548.343846,807.8603448,1581.2625,0.333207379
338,68.01279003,68.01279003,68.01279003,1323.09,1323.09,1323.09,1,1,5332.912314,5327.375172,2807.4125,0.324443415
342,68.01148394,68.01148394,68.01148394,344.473,344.473,344.473,1,1,5596.577729,6938.845537,6596.40709,0.109364613
343,68.01384484,68.01384484,68.01384484,576.412,576.412,576.412,1,1,2636.649086,6136.567273,5897.489077,0.39984176
345,68.0013736,68.0013736,68.0013736,483.507,483.507,483.507,1,1,7801.268943,8076.158971,3962.897405,0.347708513
348,68.01262065,68.01262065,68.01262065,28.863,28.863,28.863,1,1,681.6921043,679.6421053,696.2732308,0.013221641
349,68.01256548,68.01256548,68.01256548,452.597,452.597,452.597,1,1,2692.136089,4366.074,5047.287369,0.300345658
350,68.01166051,68.01166051,68.01166051,320.072,320.072,320.072,1,1,3179.169,4819.5,4345.441701,0.205156281
351,68.01138499,68.01138499,68.01138499,134.184,134.184,134.184,1,1,3874.715929,3117.511414,2840.384394,0.163358199
353,68.01373322,68.01373322,68.01373322,693.479,693.479,693.479,1,1,18733.65662,10998.69417,21891.93092,0.325693586
355,68.01571475,68.01513483,68.01629468,1786.425,1786.23,1786.62,2,1,2596.891546,3084.130769,2233.061842,0.161872089
356,68.04984383,68.04979772,68.04988994,47.2815,45.549,49.014,2,2,3730.347876,1801.015806,2364.289806,0.376958701
357,68.05104271,68.05104271,68.05104271,177.876,177.876,177.876,1,1,807.6608833,769.4682353,1457.829333,0.382415572
358,68.95396695,68.95101791,68.95462545,40.73,39.149,40.785,6,3,1212.694634,1992.170118,1723.028324,0.241020772
360,68.9921877,68.99185196,68.9945563,1744.305,1743.55,1747.02,8,3,13567.19,12313.02958,13334.53152,0.051037999
361,68.99442042,68.99328055,68.99556028,37.596,36.238,38.954,2,2,3666.993625,2189.645238,1741.910444,0.397728634
362,68.99629615,68.99569921,68.9968931,1775.59,1773.09,1778.09,2,2,2024.360694,1157.787143,2024.532615,0.288302373
365,68.99559643,68.99559643,68.99559643,485.932,485.932,485.932,1,1,3280.692057,2034.285259,3228.906992,0.247594569
366,68.99672366,68.99672366,68.99672366,1125.54,1125.54,1125.54,1,1,3364.668589,3749.4996,2814.820741,0.141936191
367,68.99797496,68.99797496,68.99797496,1184.22,1184.22,1184.22,1,1,3231.2673,3313.923462,1500.223846,0.381874696
368,68.99924362,68.99567806,69.00162303,1744.45,1743.21,1745.12,11,3,10467.73,6578.106667,5993.492857,0.316684792
371,69.04329396,69.04316499,69.04493459,1737.18,1736.34,1737.23,38,2,26661.75113,15252.3,27966.03088,0.300267185
372,69.04332401,69.04310738,69.04426768,1637.18,1620.9,1646.56,38,3,19793.5925,18124.88344,20732.12,0.067546604
373,69.04325338,69.04315087,69.04368813,1686.555,1685.64,1695.87,28,2,15576.75641,17039.13,19430.87639,0.11214795
376,69.04330808,69.04312582,69.04378218,1606.11,1590.28,1606.11,15,2,16151.945,16115.68462,12266.3625,0.150420934
377,69.04331168,69.04311103,69.04496311,1496.64,1490.89,1497.53,11,2,13246.54878,13437.21931,15497.64659,0.088779096
378,69.04320569,69.04315371,69.04322612,1514.43,1514.43,1514.71,5,2,17448.30784,14501.00194,12923.41277,0.153550269
380,69.04723046,69.04483264,69.0484502,1778.54,1769.73,1797.05,10,3,1464.87,1172.34,1291.71325,0.112310716
386,69.04961031,69.04844149,69.05014345,1684.895,1674.33,1700.62,6,3,11633.97517,11988.571,11777.04,0.015118494
388,69.0498925,69.04955746,69.05014056,1666.06,1657.79,1666.38,3,2,14586.75424,12214.23484,11616.504,0.122679611
389,69.04587757,69.04587342,69.04588173,452.143,451.878,452.408,2,2,2106.680417,1838.730143,1979.752129,0.06786492
390,69.04598552,69.04593365,69.0460374,465.3465,463.988,466.705,2,1,2722.641429,2995.881585,2989.930661,0.053763538
391,69.04956349,69.04955482,69.04957215,1185.875,1185.77,1185.98,2,1,2954.51019,2650.704,1934.761333,0.208318068
393,69.04987785,69.04952679,69.05022891,1418.515,1414.35,1422.68,2,2,17716.74787,15837.80462,13865.13333,0.12184796
394,69.04968137,69.04968137,69.04968137,1506.56,1506.56,1506.56,1,1,5784.302307,4426.03,5183.173553,0.132645782
395,69.04963448,69.04963448,69.04963448,1493.77,1493.77,1493.77,1,1,16665.18141,11938.03565,14959.23714,0.164858103
396,69.04962253,69.04962253,69.04962253,1521.91,1521.91,1521.91,1,1,9972.619583,8818.713333,10995.09961,0.109666135
398,69.04831713,69.04831713,69.04831713,1065.83,1065.83,1065.83,1,1,6768.561539,7231.835417,5426.087273,0.144833521
399,69.04966391,69.04966391,69.04966391,1537.52,1537.52,1537.52,1,1,10533.43726,8520.616471,10738.33962,0.123408276
400,69.0457588,69.0457588,69.0457588,323.276,323.276,323.276,1,1,2285.1855,2337.402774,2636.2,0.078274517
401,69.0459446,69.0459446,69.0459446,634.916,634.916,634.916,1,1,2716.379485,2714.742086,3087.825838,0.075688537
402,69.04606426,69.04606426,69.04606426,429.646,429.646,429.646,1,1,2840.454545,3080.78861,3197.65736,0.059916089
404,69.04963175,69.04963175,69.04963175,1557.82,1557.82,1557.82,1,1,8765.484662,7701.813913,9299.941268,0.094717544
405,69.04739298,69.04739298,69.04739298,710.093,710.093,710.093,1,1,4797.971751,4772.242811,3851.864333,0.120464562
406,69.04865059,69.04865059,69.04865059,1028.8,1028.8,1028.8,1,1,3093.320347,3270.252632,2088.553704,0.226220395
407,69.0472007,69.0472007,69.0472007,507.669,507.669,507.669,1,1,3642.743262,4326.826483,4467.565204,0.106430688
408,69.0472691,69.0472691,69.0472691,870.568,870.568,870.568,1,1,2470.655518,2418.724059,2720.590668,0.063624643
409,69.07057391,69.06941864,69.07177915,71.557,70.998,72.647,3,2,2316.473867,3090.188868,3046.304151,0.154238303
410,69.49605195,69.49512336,69.49698055,1743.38,1743.21,1743.55,2,2,2218.58,2722.707273,1393.730884,0.317713615
412,69.99389086,69.99389086,69.99389086,1228.52,1228.52,1228.52,1,1,4192.563889,3092.230857,3235.45348,0.170595116
413,69.99390925,69.99390925,69.99390925,1176.34,1176.34,1176.34,1,1,3079.242036,3201.949091,3069.853061,0.023646013
414,69.99504415,69.99504415,69.99504415,1045.24,1045.24,1045.24,1,1,2686.006667,2570.031724,2769.943359,0.037521683
415,69.99503827,69.99503827,69.99503827,633.448,633.448,633.448,1,1,1074.298901,1117.1424,1253.006071,0.081262322
416,69.99398707,69.99398707,69.99398707,831.386,831.386,831.386,1,1,4823.050909,5389.978222,4952.312585,0.058775269
418,69.99506844,69.99506844,69.99506844,1049.47,1049.47,1049.47,1,1,2873.891667,2781.019286,2879.435669,0.019435527
422,70.06822449,70.06591128,70.07066209,120.539,119.659,121.274,10,3,6456.155344,4431.168467,8586.318182,0.320093699
423,70.94234663,70.94234663,70.94234663,1769.6,1769.6,1769.6,1,1,977.8721565,1141.305556,1030.103161,0.079514419
424,70.94358879,70.94358879,70.94358879,1755.03,1755.03,1755.03,1,1,4080.701723,4697.796923,5791.937586,0.178435839
425,70.99347701,70.99119568,70.99470672,1743.21,1742.65,1743.6,4,3,2353.742222,2619.89,1914.705,0.15509138
429,71.93178495,71.92807098,71.93407837,33.985,26.407,36.127,11,3,2463.330171,1796.76,3929.223071,0.399635608
430,71.93171694,71.92815331,71.93309515,442.74,441.245,452.091,4,2,1577.896091,3211.580647,3416.928715,0.368394405
431,71.93178871,71.93172777,71.93302136,507.669,506.423,507.669,3,2,1409.559741,1660.16731,2159.554759,0.21904296
433,71.93185935,71.93166855,71.93300212,536.909,536.843,546.758,3,2,2982.92741,4063.38225,1902.363933,0.362235525
434,71.93291163,71.93286696,71.9329563,108.9605,108.655,109.266,2,1,5615.618294,4364.021689,6918.215226,0.226747409
435,71.93116886,71.93057004,71.93176767,325.563,325.563,325.563,2,1,4130.126465,6041.734378,4918.871887,0.19097644
436,71.93057533,71.92817363,71.93297703,427.379,425.823,428.935,2,2,4366.904531,6991.2216,4670.459245,0.268688861
437,71.93117389,71.93056852,71.93177925,78.342,76.727,79.957,2,1,10743.92496,8130.811867,9158.327285,0.140882017
438,71.95153315,71.95052995,71.95333869,39.4995,38.954,39.874,8,3,1932.24496,2553.36164,2742.879393,0.175984741
440,71.93587743,71.93578147,71.93596559,1794.37,1791.49,1797.25,4,1,4536.196849,2464.173333,5506.430519,0.372763214
441,71.93544511,71.93539119,71.93569412,1755.865,1752.73,1761.85,4,3,12177.90419,14736.81156,18605.87791,0.213276891
442,71.95569367,71.95563768,71.95677606,39.4995,39.149,39.874,4,3,1935.934214,1788.434045,1732.572111,0.057760858
446,72.93485827,72.93472044,72.93503972,1782.2,1768.12,1799.73,40,3,5810.543478,9264.996452,4592.868,0.369678098
447,72.93483897,72.9347702,72.93490971,1755.57,1754.5,1756.01,3,3,40166,45886.44935,45413.74873,0.072453344
450,72.93895091,72.93513784,72.94437363,1794.28,1785.07,1799.13,55,3,3790.637,3329.264545,4541.326923,0.157382842
451,72.94029376,72.93516085,72.94444722,1775.21,1765.07,1783.48,53,3,3574.675,1872.822,2556.110345,0.321010169
453,72.98738776,72.98721793,72.98846456,1769.09,1765.93,1771.04,3,2,1030.941389,1591.639111,1447.749419,0.214632764
454,72.9873421,72.98719144,72.98749275,1750.04,1749.24,1750.84,2,2,3289.857,3244.469143,2760.964848,0.094607086
455,73.0643076,73.0643076,73.0643076,652.2,652.2,652.2,1,1,3198.505525,3027.278158,3087.404729,0.027982595
456,73.06425489,73.06425489,73.06425489,32.938,32.938,32.938,1,1,1338.829412,1588.388857,1754.452949,0.134057829
457,73.06437346,73.06437346,73.06437346,507.458,507.458,507.458,1,1,1844.769964,1804.674968,1762.470032,0.02281326
458,73.06321614,73.06321614,73.06321614,1261.15,1261.15,1261.15,1,1,6259.595867,5371.482353,4791.242553,0.135097194
459,73.06681789,73.06434677,73.06799371,1787.015,1785.88,1795.72,8,3,1349.710645,1746.674722,1106.4416,0.23068517
460,73.0654956,73.06426934,73.06661986,108.672,106.352,109.266,3,2,3515.784186,2372.191138,3641.001104,0.220131547
461,73.06590367,73.06526926,73.06653808,493.011,492.121,493.901,2,1,2792.819351,2963.0854,3659.203109,0.146260385
462,73.06555351,73.06434127,73.06676575,1771.39,1770.45,1772.33,2,2,1066.065729,1001.709091,996.48,0.037941485
463,73.06731288,73.06667619,73.06794956,1176.115,1175.89,1176.34,2,1,2499.936605,2610.744,2407.665789,0.040572754
464,73.06606016,73.06546741,73.06665292,633.9765,633.247,634.706,2,1,1374.904025,1334.683304,1533.123385,0.074177354
465,73.06546305,73.06546305,73.06546305,531.609,531.609,531.609,1,1,1618.519176,1718.086326,1714.121123,0.033485482
466,73.06786331,73.06786331,73.06786331,442.788,442.788,442.788,1,1,2303.779238,1749.972545,2188.295589,0.140418295
467,73.06567095,73.06567095,73.06567095,969.922,969.922,969.922,1,1,7138.505714,11225.32692,11849.79803,0.254082405
468,73.06679212,73.06679212,73.06679212,404.247,404.247,404.247,1,1,2196.332793,2054.7729,2128.088157,0.03329343
469,73.06529417,73.06529417,73.06529417,936.569,936.569,936.569,1,1,7476.22855,7457.711793,7012.598889,0.035881927
470,73.06572225,73.06572225,73.06572225,1087.78,1087.78,1087.78,1,1,2996.18439,3139.56,3121.498541,0.025306024
471,73.06556338,73.06556338,73.06556338,712.068,712.068,712.068,1,1,3911.614251,5087.209135,4464.922171,0.131048517
474,73.94429294,73.94343762,73.94477793,1795.525,1788.11,1798.25,18,3,3322.203243,2815.405789,1957.616364,0.255623188
475,73.9446896,73.94369232,73.94479795,1776.995,1754.05,1785.4,20,3,3573.105882,2086,4389.064146,0.348635685
476,73.94567846,73.94556006,73.94579685,34.599,34.599,34.599,2,1,2083.499131,2424.497563,2453.352933,0.088651746
477,73.94660294,73.94599041,73.94721547,228.2455,227.378,229.113,2,1,2279.304417,2913.931267,3963.102,0.278613963
480,73.94578209,73.94578209,73.94578209,536.099,536.099,536.099,1,1,1890.443673,1513.964167,2194.63943,0.182697176
481,74.0610662,74.05957927,74.06116689,47.204,46.294,48.769,5,3,10960.70523,11734.25691,10241.703,0.067988948
483,74.05861284,74.058389,74.06490051,1381.03,1379.78,1386.71,4,2,16259.74469,10884.9984,23498.03975,0.374945254
484,74.06118102,74.05996291,74.06240364,1772.89,1769.39,1785.68,4,3,1942.043514,1629.652727,2042.707234,0.115086952
485,74.05855591,74.05851028,74.05860155,1708.75,1708.75,1708.75,2,1,6530.677451,6722.68913,8189.061176,0.126916685
486,74.06364691,74.06364691,74.06364691,527.824,527.824,527.824,1,1,6898.816757,6976.271642,3997.2084,0.285029737
487,74.06481602,74.06481602,74.06481602,23.156,23.156,23.156,1,1,2001.908301,1813.88076,1310.301359,0.209282325
488,74.06491542,74.06491542,74.06491542,1319.98,1319.98,1319.98,1,1,12383.58137,8494,11548.06682,0.189436066
489,74.06486752,74.06486752,74.06486752,1349.26,1349.26,1349.26,1,1,19348.70847,13162.624,19924.96912,0.214487569
490,74.06478551,74.06478551,74.06478551,650.702,650.702,650.702,1,1,4904.813011,2497.003303,5004.535034,0.343327202
491,74.06357891,74.06357891,74.06357891,467.098,467.098,467.098,1,1,6404.623182,7769.636574,7770.549611,0.107773261
493,74.06475007,74.06475007,74.06475007,595.984,595.984,595.984,1,1,7425.47306,4122.14064,6803.152344,0.286963041
495,74.07212597,74.0692291,74.07683834,46.459,45.549,48.114,11,3,1739.634,2339.415,3228.800286,0.307585088
496,74.06547411,74.06547411,74.06547411,1349.26,1349.26,1349.26,1,1,18594.67862,15531.9,19933.9292,0.125223489
497,74.09490648,74.09490648,74.09490648,1727.44,1727.44,1727.44,1,1,15744.21478,7269.701587,15459.41221,0.375271996
499,74.09648805,74.09522185,74.10134536,1727.99,1726.35,1729.04,13,3,5087.672727,3199.613864,5601.405,0.273186072
500,76.48499936,76.48499936,76.48499936,1743.6,1743.6,1743.6,1,1,5024.879236,5081.292381,5702.194286,0.071321023
503,77.01911773,77.01547713,77.0228,52.249,51.714,53.464,11,3,2281.438923,2502.7674,2584.77184,0.063879392
506,77.03606013,77.03583598,77.03628428,19.119,19.119,19.119,2,1,6734.074321,10564.50247,11008.82029,0.249081766
508,77.0377123,77.0377123,77.0377123,59.613,59.613,59.613,1,1,16432.07206,16409.18166,21754.23087,0.169210641
509,77.04467558,77.04467558,77.04467558,575.127,575.127,575.127,1,1,4561.2189,9730.64312,10453.40028,0.389601148
510,77.03771512,77.03771512,77.03771512,216.873,216.873,216.873,1,1,18727.76766,19084.363,26133.12443,0.19593411
512,78.03370978,78.03370978,78.03370978,56.559,56.559,56.559,1,1,1736.503,3051.093294,3118.630844,0.295668538
515,79.94183676,79.94050859,79.94435539,1743.6,1743.21,1744.45,9,3,3702.79,4104.1,3103.636364,0.138439222
516,79.94554912,79.94543148,79.94593642,1743.6,1743.21,1745.12,3,2,3263.26,3356.08,3097.416667,0.040457433
524,80.04597152,80.04540029,80.04626375,1472.86,1471.04,1483.76,19,3,33218.66333,50764.7093,48655.36,0.216668221
526,80.04597515,80.04547059,80.04640521,1551.13,1546.03,1563.35,24,3,16032.34389,14538.44667,21375.53333,0.207595406
533,80.04586976,80.04539921,80.04595685,1411.29,1404.79,1422.41,9,3,58459.91222,58704.20357,65212.12125,0.062998621
544,80.94239269,80.94008733,80.94371982,1743.55,1743.21,1744.45,7,3,2966.061364,2913.329643,3288.342258,0.066432136
545,81.04380043,81.04269276,81.04395072,47.009,45.549,47.204,5,3,5398.092894,7055.363432,3544.254471,0.329385497
546,81.05277581,81.0526972,81.05404586,26.004,25.787,28.667,3,1,1232.466171,1077.537091,898.1468529,0.156453469
547,81.05405355,81.05278368,81.05410999,1793.77,1785.46,1794.19,3,2,2032.272353,1098.963158,1483.535577,0.30492611
548,81.05284532,81.05280582,81.05288481,1774.835,1773.02,1776.65,2,2,2043.6948,1663.016667,1523.544,0.154429432
549,81.04764321,81.04631311,81.0490777,46.294,45.549,47.009,6,3,6358.514554,5655.427448,3523.339733,0.285067033
550,81.0570444,81.0570444,81.0570444,1393.72,1393.72,1393.72,1,1,9538.022686,9764.558,10947.38125,0.075056859
551,81.05543821,81.05543821,81.05543821,1731.89,1731.89,1731.89,1,1,6036.828281,5908.573548,6057.429216,0.01344044
552,81.05520394,81.05520394,81.05520394,109.065,109.065,109.065,1,1,2335.904615,2293.547586,2475.528033,0.040207304
554,81.05653364,81.05653364,81.05653364,962.93,962.93,962.93,1,1,5714.026094,4132.390222,5514.337641,0.168218179
555,81.05672352,81.05672352,81.05672352,1547.89,1547.89,1547.89,1,1,5250.013458,2952.622286,5111.522936,0.290281118
557,81.93468971,81.93467655,81.93470287,1775.27,1773.46,1777.08,2,1,5485.176087,6976.563043,7055.086912,0.135973792
558,81.93871138,81.93581492,81.94164221,37.35,25.787,38.08,15,3,4673.781,3890.252125,2276.857304,0.338211271
559,81.93774999,81.93586983,81.94028781,1795.125,1789.54,1799.19,12,3,1301.173333,2201.413043,1952.594444,0.255655325
560,81.93894637,81.93587179,81.94097761,1133.4,1130.76,1133.61,5,2,8801.036392,13314.08,16691.125,0.306032014
562,81.93774173,81.93773615,81.93774732,652.713,652.2,653.226,2,2,3121.711053,2860.783636,4719.237962,0.282052479
564,81.93789739,81.93648173,81.93931306,302.9255,301.838,304.013,2,2,3143.42592,4148.6739,2462.9408,0.260808065
565,81.93775946,81.93773912,81.9377798,505.884,504.099,507.669,2,1,1511.9,1400.092355,1458.395691,0.038386284
566,81.93830859,81.93784306,81.93877412,441.9845,440.269,443.7,2,2,1681.221333,2311.9844,2963.448571,0.27648699
567,81.93849052,81.93606384,81.94091719,1085.6,1083.53,1087.67,2,1,4225.627075,5111.021739,8206.726875,0.357453513
568,81.93767083,81.93767083,81.93767083,519.2,519.2,519.2,1,1,2766.498429,2319.110357,2533.799427,0.088099143
569,81.94029086,81.94029086,81.94029086,1174.04,1174.04,1174.04,1,1,4722.65564,5405.597273,4524.177124,0.094667145
570,81.93706771,81.93706771,81.93706771,531.409,531.409,531.409,1,1,1064.937575,1829.807059,1303.317885,0.279681831
571,81.94033987,81.94033987,81.94033987,1161.78,1161.78,1161.78,1,1,7790.652805,9120.967333,8556.141591,0.07864941
572,81.94035213,81.94035213,81.94035213,1189.03,1189.03,1189.03,1,1,3982.609,4805.08875,3970.774155,0.112469253
573,81.94040015,81.94040015,81.94040015,1204.67,1204.67,1204.67,1,1,5096.46698,5346.152609,4601.64411,0.07556117
574,81.93899078,81.93899078,81.93899078,1030.8,1030.8,1030.8,1,1,3247.747879,3844.646667,4232.568254,0.13141548
575,81.9389522,81.9389522,81.9389522,1047.14,1047.14,1047.14,1,1,2822.980294,3798.1672,4504.6702,0.227690595
576,81.93760881,81.93760881,81.93760881,634.078,634.078,634.078,1,1,2088.426208,1989.022152,1990.569474,0.02815559
577,81.93900706,81.93900706,81.93900706,106.352,106.352,106.352,1,1,2047.78359,2207.968636,2327.364071,0.063929579
578,81.93662627,81.93662627,81.93662627,1306.24,1306.24,1306.24,1,1,2201.651626,3135.359524,2182.584659,0.217297892
579,81.93790194,81.93790194,81.93790194,709.408,709.408,709.408,1,1,4193.218619,3317.174465,3964.069931,0.118781849
580,81.93665082,81.93665082,81.93665082,1329.29,1329.29,1329.29,1,1,8652.154123,12058.02759,8530.259306,0.205451518
581,81.93904485,81.93904485,81.93904485,952.766,952.766,952.766,1,1,3730.944796,3103.321222,3859.484836,0.113506141
582,81.93875641,81.93875641,81.93875641,133.094,133.094,133.094,1,1,3379.887799,3363.204308,4331.522481,0.150155678
583,81.93905897,81.93905897,81.93905897,556.804,556.804,556.804,1,1,2269.432385,3033.363704,2884.3836,0.148387757
585,81.94549877,81.94539529,81.94607019,1743.55,1743.21,1743.6,4,3,4486.3,5473.873714,3787.834286,0.1848575
586,82.94007851,82.93882435,82.9434397,1743.55,1743.21,1744.54,5,3,2679.929412,3304.21,2556.72,0.14076779
587,82.94452482,82.94452482,82.94452482,1786.42,1786.42,1786.42,1,1,589.317627,664.4071429,680.8055172,0.075647451
588,82.94435956,82.94435956,82.94435956,504.301,504.301,504.301,1,1,1223.533548,1357.588435,1564.519789,0.124313319
589,82.94424943,82.94424943,82.94424943,588.546,588.546,588.546,1,1,2763.902632,2728.835735,2628.758508,0.025905223
590,82.94429579,82.94429579,82.94429579,956.613,956.613,956.613,1,1,2354.745684,4108.840179,4355.935369,0.30252947
592,82.94526731,82.94526731,82.94526731,520.02,520.02,520.02,1,1,2085.879829,2219.151579,2204.382883,0.033669059
593,82.94558227,82.94558227,82.94558227,27.228,27.228,27.228,1,1,690.1813333,723.104,737.5146999,0.033842079
594,82.9451041,82.9451041,82.9451041,1384.04,1384.04,1384.04,1,1,2151.525691,3115.636364,2476.428445,0.190035792
595,82.94587871,82.94587871,82.94587871,378.669,378.669,378.669,1,1,3552.158722,3877.18625,3108.201548,0.109899043
596,82.94581271,82.94581271,82.94581271,1786.62,1786.62,1786.62,1,1,578.9175576,664.4071429,715.6607143,0.1057928
598,82.99831515,82.99708254,82.99835992,1780.58,1771.65,1780.58,3,2,1340.877388,1222.193548,2334.370909,0.374120576
599,82.99697207,82.99691265,82.9970315,1357.03,1355.24,1358.82,2,2,2571.393793,3411.425,2991.375,0.140407801
600,82.99732151,82.99622036,82.99842266,1084.645,1081.83,1087.46,2,1,2767.721368,2934,2833.572791,0.029431784
601,82.9983668,82.9983668,82.9983668,1185.32,1185.32,1185.32,1,1,3338.102582,3064.04878,3184.514237,0.042984739
602,82.99642475,82.99642475,82.99642475,39.149,39.149,39.149,1,1,3463.657251,5255.253685,4401.027722,0.204906379
603,83.00034384,82.99514676,83.00503248,1743.55,1741.29,1744.45,14,3,7029.75,6544.358667,7001.451429,0.039722767
604,83.06002317,83.05819848,83.06327049,1362.12,1353.44,1373.48,11,3,9229.124118,16396.92718,11036.40857,0.305036597
607,83.06262846,83.05835979,83.06331847,1316.39,1310.17,1320.84,6,3,10789.57333,16434.741,9314.427826,0.308562769
608,83.0594928,83.05886156,83.06203262,1733.73,1728.33,1735.42,5,3,8999.186842,8604.385932,9754.293421,0.064071447
613,83.06075295,83.05948761,83.06201829,1558.28,1557.53,1559.03,2,2,8221.282188,4105.331875,7165.16,0.329018245
614,83.06065955,83.06005949,83.06125962,42.644,41.859,43.429,2,2,2286.330455,1417.363756,2043.846335,0.234048589
615,83.05946541,83.05945553,83.05947529,1462.885,1460.94,1464.83,2,1,5832.242143,8420.883721,7565.499107,0.181344585
616,83.06081074,83.05957448,83.062047,1571.215,1568.43,1574,2,2,7760.728889,9927.111026,4498.231066,0.369531899
621,83.0595067,83.0595067,83.0595067,1713.06,1713.06,1713.06,1,1,5584.571379,3428.184167,3457.139105,0.297528635
623,83.06022251,83.06022251,83.06022251,1256.92,1256.92,1256.92,1,1,5365.905355,6377.331389,9612.345,0.311599255
624,83.08446092,83.08434619,83.0845006,94.836,94.531,95.226,3,3,2029.91,1885.809852,2185.404186,0.073674919
625,83.08700748,83.08564111,83.0882056,93.936,93.661,94.426,5,3,1538.924838,1978.912,2182.417561,0.173102183
626,83.49652322,83.49652322,83.49652322,1743.21,1743.21,1743.21,1,1,1751.82,1852.530357,1715.571182,0.040017243
629,83.94022951,83.94022951,83.94022951,29.075,29.075,29.075,1,1,632.5194677,801.846,764.6277514,0.12139783
630,83.99428356,83.99428356,83.99428356,1744.54,1744.54,1744.54,1,1,11322.86021,8857.912,7995.805625,0.18384178
631,83.99462041,83.99462041,83.99462041,933.039,933.039,933.039,1,1,8727.531717,8638.02368,4698.439,0.312834696
633,83.99557911,83.99521782,83.99586388,1361.19,1359.26,1361.19,5,1,14959.53938,10811.73121,10432.7454,0.208095809
634,83.99536069,83.99528379,84.00036988,1130.805,1127.51,1135.28,4,2,16004.29737,11692.97907,18159.28333,0.215401894
635,83.9953938,83.9952504,83.99558932,1103.76,1103.57,1103.76,3,1,7753.335804,7828.735484,12288.15448,0.279511886
636,83.99833187,83.99703949,83.99839883,509.142,505.605,509.339,3,1,2166.111943,2518.012931,2193.31868,0.085405007
637,83.99524787,83.99523866,83.9955112,1087.67,1083.53,1088.06,3,1,5605.607178,5375.6,9674.854839,0.351254913
638,83.99708937,83.99578865,83.99839009,452.9015,452.8,453.003,2,1,2593.9568,2057.397429,2120.089483,0.129971337
639,83.99694833,83.9954024,83.99849426,1250.13,1248.15,1252.11,2,2,6768.155969,9283.925333,9555.81,0.180060525
641,84.0008931,84.0008931,84.0008931,640.415,640.415,640.415,1,1,3476.183575,3393.651192,2840.435,0.106803335
642,83.99724363,83.99724363,83.99724363,355.095,355.095,355.095,1,1,3796.855545,2975.94,3078.055038,0.136252388
643,84.00027969,84.00027969,84.00027969,865.047,865.047,865.047,1,1,5000.968689,7056.72765,5293.18337,0.192297469
644,83.99712258,83.99712258,83.99712258,36.238,36.238,36.238,1,1,3669.711146,2149.378636,4359.576937,0.333286396
645,83.99859271,83.99859271,83.99859271,1423.17,1423.17,1423.17,1,1,5250.985421,4345.530811,4078.575462,0.134807045
646,83.99999872,83.99999872,83.99999872,712.948,712.948,712.948,1,1,8983.224581,7620.694,9120.802826,0.096704365
647,84.00168131,84.00168131,84.00168131,1212.07,1212.07,1212.07,1,1,6533.597118,4551.3875,7125.320412,0.222090374
649,84.0436213,84.04168987,84.04505501,48.114,47.369,49.014,7,3,5330.63025,6594.863673,7440.31248,0.164477445
650,84.04578467,84.04524288,84.04632646,66.238,65.803,66.673,2,1,3292.18394,3519.1026,3343.547286,0.035152349
651,84.04752837,84.04552935,84.04907452,48.084,46.459,49.014,8,3,8284.619444,7687.675464,7354.57578,0.060601963
652,84.08126134,84.07849212,84.08406502,52.249,50.989,53.464,13,3,15932.41449,18273.1863,10792.67631,0.255112
654,84.49828855,84.49828855,84.49828855,1744.54,1744.54,1744.54,1,1,1197.984368,1045.0715,1376.664194,0.137549133
658,84.95976958,84.95913844,84.96040071,465.5375,464.37,466.705,2,1,2349.325865,2158.562833,2284.113647,0.042826356
659,84.95911481,84.95911481,84.95911481,1152.5,1152.5,1152.5,1,1,4770.483643,5294.218065,5307.792426,0.059789643
660,84.96049303,84.96049303,84.96049303,528.635,528.635,528.635,1,1,2895.252671,3054.670836,3201.949518,0.050281006
661,84.960374,84.960374,84.960374,596.58,596.58,596.58,1,1,3577.636196,3010.009955,3969.261985,0.137059876
662,84.96040536,84.96040536,84.96040536,325.775,325.775,325.775,1,1,3229.002614,3179.018791,3209.267171,0.007853201
663,84.95927521,84.95927521,84.95927521,1048.52,1048.52,1048.52,1,1,3283.232381,6459.415385,6599.756015,0.344306027
664,84.95890669,84.95890669,84.95890669,503.48,503.48,503.48,1,1,2218.544526,2254.214933,2689.936425,0.10993113
665,84.95922455,84.95730151,84.96248541,1743.6,1742.65,1744.16,8,3,7296.35375,15911.12964,13945.61025,0.364541142
666,84.96562116,84.96553122,84.9668627,38.96,38.08,39.874,5,3,1800.960804,3256.521333,2962.940148,0.287919305
667,84.99308566,84.99262153,84.99363926,1743.405,1742.65,1743.6,4,3,3746.385135,4767.12625,4803.845217,0.135208335
668,84.99423314,84.99414219,84.99432408,780.3955,780.395,780.396,2,2,2865.309526,3657.112875,4049.1875,0.171141749
669,84.99393364,84.99393364,84.99393364,1105.96,1105.96,1105.96,1,1,4050.087097,5411.530435,5108.047483,0.147165134
670,84.99367876,84.99367876,84.99367876,1390.66,1390.66,1390.66,1,1,4343.984607,7610.894688,4155.268359,0.361807058
671,84.99829073,84.99829073,84.99829073,1236.58,1236.58,1236.58,1,1,2343.612379,1367.943704,2408.943156,0.285799067
672,84.99567656,84.99567656,84.99567656,1250.6,1250.6,1250.6,1,1,2357.486441,2247.762963,2576.804657,0.069980739
673,84.99575454,84.99575454,84.99575454,1215.14,1215.14,1215.14,1,1,3574.053177,3246.930909,4138.096945,0.123404883
674,84.9968856,84.9968856,84.9968856,870.733,870.733,870.733,1,1,3048.951104,2896.527833,3215.672973,0.052272666
676,84.99667986,84.99667986,84.99667986,1097.86,1097.86,1097.86,1,1,2209.177778,2734.642857,2864.312764,0.133292589
677,84.99567625,84.99567625,84.99567625,1388.69,1388.69,1388.69,1,1,4076.206462,4978.777037,3861.361038,0.137716692
678,85.0282203,85.0267791,85.03196365,51.879,50.509,53.659,12,3,3482.817333,6387.583871,6519.910517,0.314187328
681,85.92918483,85.92724784,85.93322153,1752.67,1743.21,1761.44,15,3,14251.2725,20299.56522,15237.57077,0.195524757
682,85.92907492,85.92907492,85.92907492,34.599,34.599,34.599,1,1,1317.299807,1311.950857,1733.20715,0.166202036
683,85.93911273,85.93887207,85.9395568,1320.84,1312.33,1321.73,16,1,5442.853043,3911.058,4177.722965,0.181427709
684,85.93923637,85.9391694,85.94287879,1259.96,1256.95,1266.92,12,1,20694.24385,17177.63141,15889.39713,0.13878328
685,85.93905946,85.93892837,85.93960576,1248.66,1237.42,1248.66,11,2,7759.68,6672.375,5242.383604,0.192513211
686,85.93945655,85.93885862,85.93951671,1295.42,1292.67,1296.28,11,1,8527.402667,6420.133448,5833.786987,0.204495991
687,85.93929563,85.93888669,85.93952754,1340.99,1340.05,1343.31,11,1,9010.951818,7098.640714,7045.432094,0.145076429
688,85.93898808,85.9388913,85.94283092,1185.08,1175.87,1185.48,13,1,10953.03143,6959.391613,6269.465743,0.313689552
689,85.93911765,85.93896447,85.94287898,1220.94,1199.14,1233.68,14,2,15426.28304,10112.67308,8505.303046,0.319182384
690,85.93922127,85.93888762,85.94421896,1130.37,1116.92,1140.35,15,2,9758.714483,9345.394545,14532.38308,0.257114593
691,85.93938895,85.93882981,85.94417022,1105.67,1094.57,1109.1,10,2,9112.333448,5448.072222,7481.910526,0.249859591
692,85.93907389,85.93896517,85.94421161,1037.035,1026.77,1047.57,10,2,4925.517692,3072.784,3592.566154,0.247344545
693,85.9389363,85.93882516,85.94416213,1086.19,1077.53,1094.36,7,2,7472.530435,4753.571429,7810.823793,0.250937567
694,85.93902877,85.9389728,85.94420436,1063.81,1058.15,1071.46,7,2,10056.49615,7405.693704,12668.99242,0.262021507
695,85.93940656,85.93894904,85.94159471,1372.22,1365.89,1376.31,6,3,20984.13659,19606.755,17658.12706,0.086069817
696,85.9391952,85.93914514,85.94410837,1010.52,1010.49,1011.4,3,2,7548.686001,13288.78,8403.16,0.317741844
697,85.93897816,85.93893876,85.93901756,994.025,994.025,994.025,2,1,6181.22945,6818.282917,10782.78824,0.314507877
698,85.93899634,85.93898758,85.93900509,951.478,951.038,951.918,2,1,13989.13488,14549.17253,12106.03131,0.094469742
699,85.94210588,85.94087862,85.94333314,406.347,404.668,408.026,2,2,2431.9036,3203.8149,1690.710353,0.30981161
700,85.94343743,85.94343743,85.94343743,519.407,519.407,519.407,1,1,2782.030238,3672.274714,3953.224439,0.176249738
701,85.9436867,85.9436867,85.9436867,531.25,531.25,531.25,1,1,1321.312432,2276.675543,2654.714209,0.329720963
702,85.94225923,85.94225923,85.94225923,507.458,507.458,507.458,1,1,1407.066852,1470.194357,1417.654896,0.023614377
704,85.94223746,85.94220401,85.94231418,1773.45,1771.69,1777.36,3,3,969.7819355,852.1917857,1572.7758,0.341628664
705,85.94147358,85.94092541,85.94202174,37.254,36.454,38.054,2,2,1553.649431,2056.9968,1799.185556,0.139578441
706,85.93904823,85.93904823,85.93904823,974.516,974.516,974.516,1,1,5473.803467,5776.78845,8834.28,0.27765541
707,85.94629212,85.9462421,85.94811013,1743.21,1742.65,1743.6,5,3,2672.363077,4922.19,3501.162963,0.307640464
708,86.05465481,86.05453769,86.05473326,47.7415,47.009,48.114,4,3,3399.633684,3691.015111,4279.08005,0.118204963
709,86.0611423,86.0559179,86.06427051,48.114,47.009,49.014,13,3,10586.54893,6409.222774,6317.857724,0.313797103
713,86.09787726,86.09517714,86.1005731,290.934,290.359,291.214,8,3,6985.819304,6153.784,3805.555942,0.291989437
714,86.93759553,86.93759553,86.93759553,1743.21,1743.21,1743.21,1,1,1845.56,2210.141786,2358.671836,0.123485806
715,87.04363505,87.04278593,87.04410218,49.3265,48.279,49.914,4,3,8465.310621,7579.215172,6697.310286,0.116613407
716,87.04399476,87.04387362,87.04411589,87.3585,86.691,88.026,2,2,1674.662222,1773.573167,2481.348571,0.222600343
718,87.0671519,87.06637697,87.06805071,47.889,47.369,48.114,6,3,4079.66963,7626.347368,5168.471421,0.323004556
719,87.10136667,87.10055483,87.10199959,75.6745,75.117,76.727,4,3,2294.1856,2084.47625,3165.261294,0.227916019
720,87.92146491,87.92080865,87.92422403,1775.68,1765.28,1785.07,33,3,9059.161364,16012.50133,10673.92,0.305413953
721,87.92141602,87.9207996,87.92422406,1794.81,1786.17,1799.76,27,3,9343.783913,17019.32917,14234.44591,0.287131864
723,87.92335549,87.92071838,87.92410747,32.247,30.497,36.038,8,3,37911.75441,75071.6505,76824.51327,0.347368534
730,87.92807431,87.92663467,87.92873357,68.413,61.778,68.413,3,2,23090.23428,27901.40657,27098.6736,0.09901786
731,87.93610313,87.92826514,87.93730638,1237.01,1230.19,1245.73,3,3,2712.590571,4247.430682,2824.078,0.262397428
733,87.93719847,87.93719847,87.93719847,1108.91,1108.91,1108.91,1,1,2731.42125,5250.679091,5843.482266,0.35855757
734,87.93857968,87.93731758,87.94038206,1743.55,1742.25,1743.6,8,3,5876.543284,6831.692857,2954.662857,0.386890949
737,87.93853952,87.93853952,87.93853952,1378.69,1378.69,1378.69,1,1,8178.199071,8051.021951,7376.321339,0.054771262
740,88.02127953,88.02127953,88.02127953,48.114,48.114,48.114,1,1,3161.590353,3375.587704,3005.1318,0.058467353
741,88.03966661,88.03775788,88.04186687,49.179,48.769,51.714,7,3,2238.871385,2530.656,3923.7432,0.310732756
742,88.07497082,88.07497082,88.07497082,1712.9,1712.9,1712.9,1,1,1366.481486,1524.5745,1458.152414,0.054756057
743,88.07692768,88.07692768,88.07692768,1322.61,1322.61,1322.61,1,1,2008.624414,2217.76069,2215.249619,0.055898808
744,88.07625114,88.07625114,88.07625114,226.133,226.133,226.133,1,1,2290.695638,2276.54724,2377.060778,0.023505198
745,88.07612828,88.07612828,88.07612828,1711.18,1711.18,1711.18,1,1,1514.518477,1524.5745,1295.261379,0.089694084
747,88.93219032,88.93017302,88.9342256,1796.57,1790.69,1799.73,13,3,1736.603824,2336.391765,1806.95625,0.167282576
749,88.93066627,88.93066627,88.93066627,529.574,529.574,529.574,1,1,1859.488578,1636.512264,2560.833164,0.238912173
750,88.93227645,88.93227645,88.93227645,576.412,576.412,576.412,1,1,2004.385862,2261.22968,2059.665357,0.064117351
751,88.93213081,88.93213081,88.93213081,757.355,757.355,757.355,1,1,3143.69703,3468.582,2990.516144,0.07626467
752,88.93202945,88.93202945,88.93202945,503.075,503.075,503.075,1,1,2248.140972,2603.040033,2928.551119,0.131229775
753,88.93199915,88.93199915,88.93199915,452.597,452.597,452.597,1,1,2837.460327,2498.995745,2341.886152,0.098949979
754,88.93352563,88.93352563,88.93352563,710.973,710.973,710.973,1,1,5356.053654,4915.910367,5380.566583,0.050115959
755,88.93214241,88.92555299,88.93475936,1779.62,1771.04,1789.76,25,3,2075.815111,3447.153846,3178.069697,0.250531939
756,88.9372309,88.93612606,88.93892849,1744.305,1742.25,1744.54,6,3,13016.2824,7725.09125,13214.4948,0.275092414
757,88.98229477,88.98229477,88.98229477,1747.98,1747.98,1747.98,1,1,3614.130909,2685.813947,2771.956105,0.169614476
758,89.93986633,89.93725638,89.94393257,1786.02,1769.3,1799.73,61,3,4976.52,3365.505,4350.92,0.191959435
759,89.93960843,89.93727865,89.94395841,1761.53,1757.95,1764.21,14,3,29292.32133,40432.90179,36131.97143,0.159222822
762,89.939934,89.93922497,89.94064302,324.785,322.665,326.905,2,1,3682.176,2103.095833,2061.46998,0.35324209
763,89.94524939,89.94524939,89.94524939,1764.42,1764.42,1764.42,1,1,26012.04665,17541.67,30525.81882,0.26694749
764,90.03691637,90.03485424,90.03825736,49.639,48.769,50.814,5,3,1921.535235,2337.255439,2504.57772,0.133163221
765,90.05701396,90.05546726,90.05750547,47.009,46.459,48.114,3,3,3473.487655,3831.723333,3020.863,0.118053993
766,90.48962196,90.48801585,90.4939335,1743.55,1742.25,1744.54,12,3,5256.16,4647.970833,4551.106957,0.079316902
767,90.93432594,90.93403208,90.93464674,1741.52,1741.29,1742.66,4,3,4639.720714,5126.2,4042.182941,0.117964614
